{
  "accuracy": 0.73,
  "precision_macro": 0.6924247190669616,
  "recall_macro": 0.702205084523835,
  "f1_macro": 0.6957294203389757,
  "roc_auc_ovr": 0.9405370138435647,
  "brier_score": 0.35571872503434326
}