feature,importance_mean,importance_std
trolley_availability,0.31349283131255495,0.016866791965343797
turnaround_pressure,0.24557945976082257,0.016428996421985663
route_class,0.052576713211265017,0.0084054833378342
shortage_score,0.005306508558860265,0.0019384541074204695
item_criticality,0.003826440661067812,0.0023206196162381225
inventory_category,0.0013019564409089829,0.004170310258732515
service_profile,-0.0006183449074864122,0.00247439176401636
catering_complexity,-0.0008746663519027531,0.005664035446143757
passenger_load,-0.001111715682280634,0.0037253358394768116
