{
  "accuracy": 0.749,
  "precision_macro": 0.7550183455360201,
  "recall_macro": 0.7443225676951238,
  "f1_macro": 0.7479547824002486,
  "roc_auc_ovr": 0.9033435894517369,
  "brier_score": 0.3370698128325674
}