{
  "accuracy": 0.854,
  "precision_macro": 0.8559927596769703,
  "recall_macro": 0.8579098370638047,
  "f1_macro": 0.856759035296025,
  "roc_auc_ovr": 0.9757114145639457,
  "brier_score": 0.20760252041816488
}