{
  "mae": 3.1503500541352807,
  "rmse": 4.0198511705348885,
  "r2": 0.9253631031547416
}