{
  "accuracy": 0.682,
  "precision": 0.702755905511811,
  "recall": 0.6812977099236641,
  "f1": 0.6918604651162791,
  "roc_auc": 0.7396641862852011
}